{"cameraMode":{"drawMode":0,"name":"Shaded","section":"Shading Mode"},"sceneLighting":false,"audioPlay":false,"sceneViewState":{"m_AlwaysRefresh":false,"showFog":true,"showSkybox":false,"showFlares":true,"showImageEffects":true,"showParticleSystems":true,"showVisualEffectGraphs":true,"m_FxEnabled":true},"in2DMode":false,"pivot":{"x":0.00003515183925628662,"y":0.17014679312705995,"z":0.01633460819721222},"rotation":{"x":0.01649731583893299,"y":0.0149976946413517,"z":-0.00023950730974320322,"w":0.9997590184211731},"size":0.24187205731868745,"orthographic":true}